timestamp,urgency,pop_prop_response,pop_prop_survival
2017-08-07T00:00:21,H,61,1.0
2017-08-07T00:22:12,H,258,1.0
2017-08-07T00:12:47,A,209,0.84
2017-08-07T00:21:43,A,182,0.85
2017-08-07T00:48,H,278,1.0
2017-08-07T00:42:13,A,619,0.72
2017-08-07T00:56:41,H,251,1.0
2017-08-07T01:13:12,H,520,0.99
2017-08-07T01:15:58,A,178,0.85
2017-08-07T02:19:08,H,241,1.0
2017-08-07T02:29:24,H,293,1.0
2017-08-07T02:27:45,A,400,0.79
2017-08-07T03:24:55,H,300,1.0
2017-08-07T03:48:38,A,288,0.82
2017-08-07T03:50:24,A,58,0.87
2017-08-07T04:23,A,80,0.87
2017-08-07T04:15:26,A,84,0.87
2017-08-07T04:59:45,H,782,0.99
2017-08-07T04:56:51,H,720,0.99
2017-08-07T04:58:48,A,433,0.78
2017-08-07T05:31:17,H,61,1.0
2017-08-07T06:25:33,A,160,0.85
2017-08-07T06:20:11,A,242,0.83
2017-08-07T06:32:29,H,455,0.99
2017-08-07T07:01:28,A,126,0.86
2017-08-07T06:32:29,H,541,0.99
2017-08-07T07:07:50,H,381,1.0
2017-08-07T07:05:44,A,372,0.8
2017-08-07T07:16:41,H,527,0.99
2017-08-07T07:54:46,A,148,0.85
2017-08-07T07:20:13,A,268,0.83
2017-08-07T07:31:48,H,103,1.0
2017-08-07T07:50:35,A,1019,0.57
2017-08-07T08:10:10,H,236,1.0
2017-08-07T08:07:55,A,211,0.84
2017-08-07T08:02:56,A,986,0.59
2017-08-07T08:40:09,A,118,0.86
2017-08-07T08:47:12,H,207,1.0
2017-08-07T08:30:21,A,256,0.83
2017-08-07T08:45:43,A,488,0.77
2017-08-07T09:04:17,H,336,1.0
2017-08-07T09:05:56,H,1149,0.98
2017-08-07T09:11:21,A,180,0.85
2017-08-07T09:35,H,126,1.0
2017-08-07T08:57:16,H,276,1.0
2017-08-07T09:33:43,A,84,0.87
2017-08-07T09:16:26,H,389,1.0
2017-08-07T09:47:54,H,182,1.0
2017-08-07T09:34:50,A,310,0.82
2017-08-07T09:43:30,H,211,1.0
2017-08-07T10:04:36,H,61,1.0
2017-08-07T09:50:12,H,364,1.0
2017-08-07T09:44:50,A,1216,0.49
2017-08-07T09:39:46,H,258,1.0
2017-08-07T09:57:35,H,256,1.0
2017-08-07T09:51:25,A,393,0.79
2017-08-07T09:41:56,A,789,0.66
2017-08-07T10:21:27,H,247,1.0
2017-08-07T10:01:07,H,157,1.0
2017-08-07T10:12:55,A,181,0.85
2017-08-07T09:57:35,H,601,0.99
2017-08-07T10:31:24,H,410,1.0
2017-08-07T10:47:37,H,182,1.0
2017-08-07T10:49:12,A,22,0.88
2017-08-07T10:43:08,H,103,1.0
2017-08-07T10:33:20,A,185,0.84
2017-08-07T10:28:43,A,1675,0.31
2017-08-07T11:19:46,H,355,1.0
2017-08-07T10:58:32,A,123,0.86
2017-08-07T11:16:58,H,1544,0.97
2017-08-07T11:28:34,H,1035,0.99
2017-08-07T10:52:31,H,2280,0.9
2017-08-07T11:11:28,A,405,0.79
2017-08-07T11:37:04,A,841,0.65
2017-08-07T11:50:47,H,165,1.0
2017-08-07T11:44:51,H,338,1.0
2017-08-07T11:52:06,H,412,1.0
2017-08-07T11:42:20,A,68,0.87
2017-08-07T11:53:16,A,297,0.82
2017-08-07T11:50:49,H,383,1.0
2017-08-07T12:11:49,H,527,0.99
2017-08-07T12:02:34,A,855,0.64
2017-08-07T12:18:31,H,288,1.0
2017-08-07T12:17:45,H,61,1.0
2017-08-07T12:33:28,A,101,0.86
2017-08-07T12:42:19,A,292,0.82
2017-08-07T12:21:41,A,430,0.78
2017-08-07T12:49:41,A,144,0.85
2017-08-07T12:20:21,H,398,1.0
2017-08-07T12:23:57,H,511,0.99
2017-08-07T13:11:42,H,61,1.0
2017-08-07T13:04:33,H,393,1.0
2017-08-07T13:04:41,H,101,1.0
2017-08-07T13:04:26,A,126,0.86
2017-08-07T13:26:29,H,364,1.0
2017-08-07T13:10:54,A,369,0.8
2017-08-07T13:23:44,A,266,0.83
2017-08-07T13:31:33,H,664,0.99
2017-08-07T13:35,H,104,1.0
2017-08-07T13:38:19,A,558,0.74
2017-08-07T13:57:37,H,61,1.0
2017-08-07T13:31:43,H,165,1.0
2017-08-07T14:00:31,H,58,1.0
2017-08-07T13:52:24,A,325,0.81
2017-08-07T13:26:39,A,126,0.86
2017-08-07T14:16:24,H,61,1.0
2017-08-07T14:00,H,278,1.0
2017-08-07T14:20:40,H,182,1.0
2017-08-07T14:27:02,H,391,1.0
2017-08-07T14:26:47,H,300,1.0
2017-08-07T14:37:24,A,61,0.87
2017-08-07T14:37:42,H,277,1.0
2017-08-07T14:52:09,H,311,1.0
2017-08-07T14:53:03,A,297,0.82
2017-08-07T14:49:36,A,160,0.85
2017-08-07T14:56:01,A,123,0.86
2017-08-07T15:34:02,A,300,0.82
2017-08-07T15:18:53,H,511,0.99
2017-08-07T15:43:07,H,276,1.0
2017-08-07T14:40:48,H,150,1.0
2017-08-07T15:33:47,A,208,0.84
2017-08-07T15:38:21,A,251,0.83
2017-08-07T15:59:09,H,278,1.0
2017-08-07T15:40:20,H,867,0.99
2017-08-07T16:08:18,A,182,0.85
2017-08-07T15:59:49,A,476,0.77
2017-08-07T15:56:14,A,156,0.85
2017-08-07T16:06:18,H,275,1.0
2017-08-07T15:59:58,A,61,0.87
2017-08-07T16:17:03,A,167,0.85
2017-08-07T16:22:11,A,61,0.87
2017-08-07T15:44:55,H,156,1.0
2017-08-07T16:20:24,A,406,0.79
2017-08-07T16:37:58,H,302,1.0
2017-08-07T16:31:59,H,1503,0.97
2017-08-07T16:48:36,A,278,0.82
2017-08-07T16:48:02,A,536,0.75
2017-08-07T16:58:42,A,156,0.85
2017-08-07T17:05:18,A,454,0.78
2017-08-07T17:13:21,A,409,0.79
2017-08-07T17:08:35,A,148,0.85
2017-08-07T17:11:28,H,321,1.0
2017-08-07T17:07:18,H,859,0.99
2017-08-07T17:32:30,H,61,1.0
2017-08-07T17:10:30,A,538,0.75
2017-08-07T17:41:12,H,61,1.0
2017-08-07T17:33:14,A,123,0.86
2017-08-07T17:39:40,A,156,0.85
2017-08-07T17:18:47,A,343,0.81
2017-08-07T17:45:28,H,61,1.0
2017-08-07T17:25:43,H,388,1.0
2017-08-07T17:39:41,A,126,0.86
2017-08-07T17:28:15,H,1216,0.98
2017-08-07T17:33:26,A,521,0.76
2017-08-07T17:58:54,A,268,0.83
2017-08-07T17:49:52,H,806,0.99
2017-08-07T18:08:46,H,280,1.0
2017-08-07T18:40,H,61,1.0
2017-08-07T18:29:54,A,188,0.84
2017-08-07T18:27:21,H,101,1.0
2017-08-07T18:04:35,A,194,0.84
2017-08-07T18:15:54,H,1329,0.98
2017-08-07T18:33:52,H,841,0.99
2017-08-07T19:00:31,H,61,1.0
2017-08-07T18:53:53,H,1086,0.99
2017-08-07T18:32:38,A,398,0.79
2017-08-07T18:25:03,A,848,0.64
2017-08-07T19:07:22,H,126,1.0
2017-08-07T19:27:51,H,920,0.99
2017-08-07T19:20:23,H,103,1.0
2017-08-07T20:04:16,A,61,0.87
2017-08-07T19:32:03,A,265,0.83
2017-08-07T19:27:25,H,463,0.99
2017-08-07T20:01:37,A,415,0.79
2017-08-07T18:15:54,H,1145,0.98
2017-08-07T20:18:05,H,230,1.0
2017-08-07T19:47:38,A,1327,0.45
2017-08-07T20:13:12,H,971,0.99
2017-08-07T20:08:28,A,116,0.86
2017-08-07T20:47:10,H,257,1.0
2017-08-07T21:18:46,A,104,0.86
2017-08-07T21:21:30,H,61,1.0
2017-08-07T21:14:09,H,315,1.0
2017-08-07T21:20:35,H,579,0.99
2017-08-07T21:12:55,H,410,1.0
2017-08-07T21:19:45,A,0,0.88
2017-08-07T21:32:20,A,123,0.86
2017-08-07T22:01:30,A,269,0.83
2017-08-07T21:25:26,A,413,0.79
2017-08-07T18:15:54,H,1702,0.96
2017-08-07T21:33:16,A,608,0.73
2017-08-07T21:47:08,H,455,0.99
2017-08-07T22:04:55,H,782,0.99
2017-08-07T22:08:19,H,248,1.0
2017-08-07T22:33:50,H,80,1.0
2017-08-07T22:42:17,H,258,1.0
2017-08-07T23:09:24,H,312,1.0
2017-08-07T23:18:24,H,920,0.99
2017-08-07T23:28:17,H,61,1.0
2017-08-07T23:34:25,A,104,0.86
2017-08-07T23:28:31,H,148,1.0
2017-08-07T23:41:56,A,58,0.87
2017-08-07T23:35:38,A,61,0.87
2017-08-07T23:53:07,H,495,0.99
2017-08-08T00:03:40,H,277,1.0
2017-08-08T00:13:54,H,148,1.0
2017-08-07T23:53:52,A,156,0.85
2017-08-08T00:50:47,H,495,0.99
2017-08-08T00:46:43,H,133,1.0
2017-08-08T00:38:59,H,319,1.0
2017-08-08T01:12:22,A,22,0.88
2017-08-08T01:07:41,A,228,0.83
2017-08-08T01:23:36,A,61,0.87
2017-08-08T01:34:04,H,239,1.0
2017-08-08T01:31:28,H,433,0.99
2017-08-08T02:03:33,H,258,1.0
2017-08-08T02:07:19,H,61,1.0
2017-08-08T01:50:50,A,334,0.81
2017-08-08T01:53:55,H,153,1.0
2017-08-08T02:50:40,A,165,0.85
2017-08-08T02:38:15,A,181,0.85
2017-08-08T02:57:14,H,148,1.0
2017-08-08T03:18:28,A,232,0.83
2017-08-08T02:57:42,H,999,0.99
2017-08-08T03:22:12,A,268,0.83
2017-08-08T03:36:02,A,230,0.83
2017-08-08T03:11:31,A,1228,0.49
2017-08-08T03:29:08,H,202,1.0
2017-08-08T04:18:07,H,182,1.0
2017-08-08T05:42:19,A,305,0.82
2017-08-08T06:00:59,A,182,0.85
2017-08-08T06:16:06,H,371,1.0
2017-08-08T06:33:01,H,156,1.0
2017-08-08T06:36:12,H,433,0.99
2017-08-08T07:48:09,A,434,0.78
2017-08-08T07:58:43,A,297,0.82
2017-08-08T08:21:43,H,232,1.0
2017-08-08T08:23:52,A,384,0.8
2017-08-08T08:00:22,A,572,0.74
2017-08-08T08:44:36,A,118,0.86
2017-08-08T09:11:17,A,145,0.85
2017-08-08T09:19:17,H,260,1.0
2017-08-08T09:12,H,406,1.0
2017-08-08T09:12:59,H,521,0.99
2017-08-08T08:53:33,H,80,1.0
2017-08-08T09:03:25,A,713,0.69
2017-08-08T09:32:52,H,199,1.0
2017-08-08T09:51:46,H,165,1.0
2017-08-08T09:23:49,H,217,1.0
2017-08-08T09:48:31,H,112,1.0
2017-08-08T09:43:47,H,202,1.0
2017-08-08T09:33:43,A,881,0.63
2017-08-08T10:06:15,A,217,0.84
2017-08-08T10:08:46,A,61,0.87
2017-08-08T10:03:06,A,825,0.65
2017-08-08T10:01:20,A,121,0.86
2017-08-08T10:11:58,A,250,0.83
2017-08-08T10:26:36,H,486,0.99
2017-08-08T09:37:46,A,470,0.77
2017-08-08T10:42:34,H,133,1.0
2017-08-08T10:57:53,A,250,0.83
2017-08-08T10:45:30,A,493,0.76
2017-08-08T10:54:22,H,276,1.0
2017-08-08T10:51:18,A,496,0.76
2017-08-08T10:55:12,H,182,1.0
2017-08-08T11:26:21,H,61,1.0
2017-08-08T11:08:33,H,211,1.0
2017-08-08T11:16:07,H,181,1.0
2017-08-08T11:21:06,H,288,1.0
2017-08-08T11:04:06,H,1248,0.98
2017-08-08T11:26:45,A,61,0.87
2017-08-08T10:58:06,H,2243,0.91
2017-08-08T11:25,A,481,0.77
2017-08-08T11:44:07,H,393,1.0
2017-08-08T12:02:52,H,103,1.0
2017-08-08T12:05:38,H,337,1.0
2017-08-08T11:33:53,H,486,0.99
2017-08-08T12:08:54,H,587,0.99
2017-08-08T12:11:40,A,167,0.85
2017-08-08T12:20:22,H,167,1.0
2017-08-08T12:16:29,A,1000,0.58
2017-08-08T12:06:34,A,605,0.73
2017-08-08T12:37:49,A,185,0.84
2017-08-08T12:35:34,H,238,1.0
2017-08-08T12:43:52,H,367,1.0
2017-08-08T12:58:50,H,61,1.0
2017-08-08T12:56:46,H,103,1.0
2017-08-08T12:14:17,H,241,1.0
2017-08-08T13:23:05,A,399,0.79
2017-08-08T13:27:33,H,118,1.0
2017-08-08T13:15:14,A,156,0.85
2017-08-08T13:41:50,A,305,0.82
2017-08-08T13:23:32,A,1884,0.24
2017-08-08T13:40:02,H,456,0.99
2017-08-08T14:13:25,H,61,1.0
2017-08-08T14:05:16,H,61,1.0
2017-08-08T14:10:59,H,260,1.0
2017-08-08T14:21:23,A,364,0.8
2017-08-08T14:22:53,A,200,0.84
2017-08-08T14:28:14,A,73,0.87
2017-08-08T13:49:21,H,1470,0.97
2017-08-08T14:29:15,H,230,1.0
2017-08-08T14:20:53,H,178,1.0
2017-08-08T14:57:39,A,145,0.85
2017-08-08T14:56:01,H,347,1.0
2017-08-08T14:24:33,A,161,0.85
2017-08-08T15:11:51,H,112,1.0
2017-08-08T14:57:19,H,182,1.0
2017-08-08T14:54:43,H,2054,0.93
2017-08-08T15:16:22,H,269,1.0
2017-08-08T15:22:46,A,104,0.86
2017-08-08T15:31:19,H,995,0.99
2017-08-08T15:37:18,A,392,0.79
2017-08-08T15:53:19,A,256,0.83
2017-08-08T15:32:41,H,61,1.0
2017-08-08T15:58:26,A,61,0.87
2017-08-08T15:37:44,A,202,0.84
2017-08-08T15:40:27,H,343,1.0
2017-08-08T15:55:27,H,238,1.0
2017-08-08T16:07:38,A,112,0.86
2017-08-08T16:10:59,A,521,0.76
2017-08-08T16:37:59,H,137,1.0
2017-08-08T16:21:32,A,118,0.86
2017-08-08T16:26:46,H,323,1.0
2017-08-08T16:57:41,H,103,1.0
2017-08-08T16:51:16,A,251,0.83
2017-08-08T17:09:35,A,307,0.82
2017-08-08T17:19:22,H,647,0.99
2017-08-08T17:28:35,A,551,0.75
2017-08-08T15:28:15,H,236,1.0
2017-08-08T17:30:12,H,103,1.0
2017-08-08T17:20:15,A,372,0.8
2017-08-08T17:31:49,A,331,0.81
2017-08-08T17:49:49,H,419,1.0
2017-08-08T17:51:41,A,351,0.8
2017-08-08T17:06:34,H,381,1.0
2017-08-08T18:12:04,H,68,1.0
2017-08-08T18:25:56,H,90,1.0
2017-08-08T18:14:50,A,340,0.81
2017-08-08T18:27:04,H,784,0.99
2017-08-08T18:35:21,A,364,0.8
2017-08-08T18:27:57,A,322,0.81
2017-08-08T18:38:01,A,335,0.81
2017-08-08T18:47:28,A,338,0.81
2017-08-08T19:14:01,A,278,0.82
2017-08-08T19:18:12,H,262,1.0
2017-08-08T19:44:53,A,61,0.87
2017-08-08T19:03:34,A,312,0.81
2017-08-08T19:10:41,H,2504,0.86
2017-08-08T19:41:55,A,194,0.84
2017-08-08T20:03:35,H,394,1.0
2017-08-08T20:02:56,H,406,1.0
2017-08-08T19:54:53,A,103,0.86
2017-08-08T19:52:36,A,181,0.85
2017-08-08T20:11:18,H,277,1.0
2017-08-08T20:21:27,H,335,1.0
2017-08-08T20:12:54,A,356,0.8
2017-08-08T20:25,A,61,0.87
2017-08-08T20:58:36,H,153,1.0
2017-08-08T20:46:28,A,1159,0.52
2017-08-08T20:39:22,A,278,0.82
2017-08-08T21:17:52,H,150,1.0
2017-08-08T20:49:16,H,73,1.0
2017-08-08T21:10:06,H,838,0.99
2017-08-08T20:55:24,H,410,1.0
2017-08-08T21:46:08,H,61,1.0
2017-08-08T21:24:19,H,630,0.99
2017-08-08T21:41:14,H,357,1.0
2017-08-08T21:02:32,A,1685,0.31
2017-08-08T21:37:15,A,1471,0.39
2017-08-08T21:49:27,H,1846,0.95
2017-08-08T22:00:38,H,158,1.0
2017-08-08T22:24:17,H,317,1.0
2017-08-08T22:37:34,H,126,1.0
2017-08-08T22:19:24,H,126,1.0
2017-08-08T22:24:26,H,68,1.0
2017-08-08T21:41:14,H,1450,0.97
2017-08-08T22:59:09,H,296,1.0
2017-08-08T22:41:10,H,316,1.0
2017-08-08T23:10:33,H,369,1.0
2017-08-08T22:57:16,H,165,1.0
2017-08-08T23:25:34,A,61,0.87
2017-08-08T23:13:26,H,202,1.0
2017-08-08T23:08:43,A,399,0.79
2017-08-08T23:26:54,A,446,0.78
2017-08-08T23:42:54,A,200,0.84
2017-08-09T00:03:01,H,181,1.0
2017-08-09T00:01:26,H,766,0.99
2017-08-09T00:13:41,H,400,1.0
2017-08-09T00:12:23,H,61,1.0
2017-08-09T00:10:33,H,1156,0.98
2017-08-09T00:27:11,A,156,0.85
2017-08-09T00:32:38,H,61,1.0
2017-08-09T00:27:43,H,347,1.0
2017-08-09T00:02:37,A,230,0.83
2017-08-09T00:39:02,H,364,1.0
2017-08-09T00:44:04,A,538,0.75
2017-08-09T01:09:51,A,163,0.85
2017-08-09T01:13:31,H,920,0.99
2017-08-09T01:23:10,A,148,0.85
2017-08-09T01:18:46,H,465,0.99
2017-08-09T01:26,A,1135,0.53
2017-08-09T02:45:52,A,242,0.83
2017-08-09T02:35:10,A,225,0.84
2017-08-09T02:49:15,H,234,1.0
2017-08-09T02:24:38,H,1801,0.95
2017-08-09T03:29:45,A,735,0.68
2017-08-09T03:56:03,H,332,1.0
2017-08-09T03:59:16,H,61,1.0
2017-08-09T04:59:11,H,236,1.0
2017-08-09T05:26:08,A,230,0.83
2017-08-09T05:16:40,A,334,0.81
2017-08-09T05:59:20,A,156,0.85
2017-08-09T07:12:46,H,217,1.0
2017-08-09T07:19:37,H,242,1.0
2017-08-09T07:40:19,A,157,0.85
2017-08-09T07:25:41,A,302,0.82
2017-08-09T06:49:24,H,139,1.0
2017-08-09T07:41:49,H,243,1.0
2017-08-09T07:59:35,H,485,0.99
2017-08-09T07:45:16,A,1109,0.54
2017-08-09T07:20:56,A,156,0.85
2017-08-09T08:32:24,A,269,0.83
2017-08-09T08:53:32,A,156,0.85
2017-08-09T08:50:46,A,241,0.83
2017-08-09T08:56:35,H,84,1.0
2017-08-09T08:57:23,H,199,1.0
2017-08-09T08:50:59,A,421,0.79
2017-08-09T08:54:37,A,827,0.65
2017-08-09T09:28:37,H,1150,0.98
2017-08-09T09:19:12,A,297,0.82
2017-08-09T09:49:17,H,61,1.0
2017-08-09T09:32:33,A,546,0.75
2017-08-09T10:20:27,H,269,1.0
2017-08-09T09:51:56,A,450,0.78
2017-08-09T10:41:08,A,61,0.87
2017-08-09T10:12:56,H,158,1.0
2017-08-09T10:22:31,A,736,0.68
2017-08-09T10:08:19,H,971,0.99
2017-08-09T10:38:11,A,58,0.87
2017-08-09T10:43:55,A,118,0.86
2017-08-09T10:32:06,H,164,1.0
2017-08-09T10:46:46,A,265,0.83
2017-08-09T11:10:08,H,502,0.99
2017-08-09T11:02:49,H,61,1.0
2017-08-09T11:05:08,A,139,0.85
2017-08-09T11:16:44,H,126,1.0
2017-08-09T11:31:41,H,61,1.0
2017-08-09T11:09:27,A,400,0.79
2017-08-09T11:36:30,A,258,0.83
2017-08-09T11:37:54,A,61,0.87
2017-08-09T11:28:26,H,148,1.0
2017-08-09T11:42:26,A,393,0.79
2017-08-09T11:57:58,H,250,1.0
2017-08-09T11:47:55,H,277,1.0
2017-08-09T12:07:07,H,128,1.0
2017-08-09T11:56:34,A,504,0.76
2017-08-09T11:42:30,H,264,1.0
2017-08-09T12:18:17,H,236,1.0
2017-08-09T12:17:13,H,148,1.0
2017-08-09T11:40:13,H,586,0.99
2017-08-09T11:30:55,A,123,0.86
2017-08-09T12:06:43,A,167,0.85
2017-08-09T12:29:40,H,61,1.0
2017-08-09T12:39:15,H,61,1.0
2017-08-09T12:31:12,H,156,1.0
2017-08-09T12:50:03,H,334,1.0
2017-08-09T13:03:20,H,190,1.0
2017-08-09T12:46:15,H,61,1.0
2017-08-09T13:11:26,A,156,0.85
2017-08-09T13:13:49,H,185,1.0
2017-08-09T12:58:42,H,503,0.99
2017-08-09T13:35:36,H,421,1.0
2017-08-09T13:34:04,A,202,0.84
2017-08-09T13:43:28,H,61,1.0
2017-08-09T13:21:37,H,859,0.99
2017-08-09T13:34:30,A,182,0.85
2017-08-09T13:46:28,H,391,1.0
2017-08-09T13:55:08,H,278,1.0
2017-08-09T14:16:16,H,253,1.0
2017-08-09T14:23:51,H,211,1.0
2017-08-09T14:28:18,H,61,1.0
2017-08-09T14:39:59,H,256,1.0
2017-08-09T14:46:49,A,256,0.83
2017-08-09T14:08:13,H,319,1.0
2017-08-09T14:34:07,H,355,1.0
2017-08-09T14:39:16,H,103,1.0
2017-08-09T14:45:34,H,256,1.0
2017-08-09T14:52:28,A,321,0.81
2017-08-09T14:56:27,A,553,0.75
2017-08-09T14:48:11,A,315,0.81
2017-08-09T15:14:37,H,268,1.0
2017-08-09T14:25:20,A,682,0.7
2017-08-09T15:15:10,H,240,1.0
2017-08-09T15:01:41,H,484,0.99
2017-08-09T14:55:49,A,163,0.85
2017-08-09T15:18:03,A,182,0.85
2017-08-09T15:12:09,H,205,1.0
2017-08-09T16:04:47,A,584,0.74
2017-08-09T16:27:09,A,239,0.83
2017-08-09T16:12:52,A,148,0.85
2017-08-09T16:30:32,A,858,0.64
2017-08-09T16:34:12,H,234,1.0
2017-08-09T16:28:41,H,178,1.0
2017-08-09T16:21:41,A,728,0.69
2017-08-09T17:00:09,H,1156,0.98
2017-08-09T16:33:19,H,572,0.99
2017-08-09T17:23:17,A,358,0.8
2017-08-09T16:55:41,A,691,0.7
2017-08-09T17:16:04,A,121,0.86
2017-08-09T17:19:08,A,763,0.67
2017-08-09T17:54:30,A,248,0.83
2017-08-09T17:30,H,261,1.0
2017-08-09T18:04:05,H,459,0.99
2017-08-09T18:31:03,H,103,1.0
2017-08-09T18:37:40,A,354,0.8
2017-08-09T18:06:47,H,181,1.0
2017-08-09T18:33:24,A,157,0.85
2017-08-09T18:20:48,A,477,0.77
2017-08-09T18:51:22,A,158,0.85
2017-08-09T18:47:29,H,512,0.99
2017-08-09T18:53:59,H,199,1.0
2017-08-09T19:15:04,H,319,1.0
2017-08-09T19:08:52,A,253,0.83
2017-08-09T19:12:47,H,250,1.0
2017-08-09T19:37:55,A,311,0.81
2017-08-09T19:22:39,A,72,0.87
2017-08-09T20:05:58,H,61,1.0
2017-08-09T19:45:40,H,582,0.99
2017-08-09T20:10:06,H,126,1.0
2017-08-09T19:59:30,A,296,0.82
2017-08-09T19:51:07,H,391,1.0
2017-08-09T20:15:37,H,137,1.0
2017-08-09T20:25:26,A,61,0.87
2017-08-09T20:37:36,A,156,0.85
2017-08-09T20:49:39,A,240,0.83
2017-08-09T20:55:49,H,691,0.99
2017-08-09T21:24:31,A,116,0.86
2017-08-09T21:31:34,H,290,1.0
2017-08-09T21:35:47,A,389,0.79
2017-08-09T21:32:06,H,1084,0.99
2017-08-09T21:21:23,H,393,1.0
2017-08-09T21:35:17,H,225,1.0
2017-08-09T21:39:53,H,303,1.0
2017-08-09T21:52:33,A,236,0.83
2017-08-09T21:47:35,A,329,0.81
2017-08-09T21:36:41,A,157,0.85
2017-08-09T22:21:40,A,258,0.83
2017-08-09T22:26:30,H,61,1.0
2017-08-09T22:11:22,H,268,1.0
2017-08-09T22:14:19,A,278,0.82
2017-08-09T22:10:10,H,202,1.0
2017-08-09T22:16:04,H,178,1.0
2017-08-09T22:44:43,H,278,1.0
2017-08-09T22:51:59,A,225,0.84
2017-08-09T23:24:46,H,61,1.0
2017-08-09T23:21:29,A,22,0.88
2017-08-09T23:41:27,A,688,0.7
2017-08-10T00:20:23,H,61,1.0
2017-08-10T00:21:41,H,61,1.0
2017-08-10T00:14:06,A,278,0.82
2017-08-10T00:34:53,H,279,1.0
2017-08-10T00:28:19,A,1428,0.41
2017-08-10T00:44:42,H,988,0.99
2017-08-10T01:26:31,H,325,1.0
2017-08-10T01:10:30,H,156,1.0
2017-08-10T00:59:22,A,354,0.8
2017-08-10T02:18:24,A,398,0.79
2017-08-10T02:26:57,A,278,0.82
2017-08-10T01:52:34,H,366,1.0
2017-08-10T03:07:01,H,61,1.0
2017-08-10T03:28:02,H,61,1.0
2017-08-10T03:38:37,H,243,1.0
2017-08-10T03:21:19,H,234,1.0
2017-08-10T04:29:36,H,250,1.0
2017-08-10T04:32,A,1781,0.28
2017-08-10T05:59:43,H,163,1.0
2017-08-10T06:18:46,H,61,1.0
2017-08-10T06:00:54,A,553,0.75
2017-08-10T06:04:36,A,176,0.85
2017-08-10T05:32:57,A,2084,0.19
2017-08-10T07:09:38,A,61,0.87
2017-08-10T06:45:36,A,371,0.8
2017-08-10T07:14:14,A,225,0.84
2017-08-10T07:36:41,A,61,0.87
2017-08-10T07:47:06,H,300,1.0
2017-08-10T08:05:48,H,167,1.0
2017-08-10T08:19:32,H,61,1.0
2017-08-10T08:13:17,A,468,0.77
2017-08-10T08:22:40,A,523,0.76
2017-08-10T08:14:41,A,293,0.82
2017-08-10T08:41:13,H,61,1.0
2017-08-10T08:38:07,A,184,0.84
2017-08-10T08:43:46,H,84,1.0
2017-08-10T09:04,H,148,1.0
2017-08-10T08:45:47,A,360,0.8
2017-08-10T09:10:32,H,307,1.0
2017-08-10T09:14:45,H,211,1.0
2017-08-10T09:08:15,H,454,0.99
2017-08-10T09:12:48,H,22,1.0
2017-08-10T09:15:55,H,486,0.99
2017-08-10T09:36:42,A,454,0.78
2017-08-10T08:59:13,H,317,1.0
2017-08-10T09:13:10,H,364,1.0
2017-08-10T10:01:20,H,799,0.99
2017-08-10T09:42:20,H,346,1.0
2017-08-10T10:09:54,A,328,0.81
2017-08-10T10:00:59,H,485,0.99
2017-08-10T09:43:43,H,1464,0.97
2017-08-10T09:57:58,H,73,1.0
2017-08-10T10:37:57,H,180,1.0
2017-08-10T10:31:17,H,393,1.0
2017-08-10T10:24:17,A,148,0.85
2017-08-10T10:28:06,A,112,0.86
2017-08-10T10:40:29,H,156,1.0
2017-08-10T10:45:28,A,610,0.73
2017-08-10T10:52:47,A,175,0.85
2017-08-10T10:51:20,A,225,0.84
2017-08-10T11:03:46,A,312,0.81
2017-08-10T10:30:01,H,80,1.0
2017-08-10T11:04:54,H,176,1.0
2017-08-10T11:24:36,H,367,1.0
2017-08-10T11:00:42,H,365,1.0
2017-08-10T11:34:06,H,147,1.0
2017-08-10T11:12,H,1607,0.97
2017-08-10T11:18,H,337,1.0
2017-08-10T11:27:01,H,268,1.0
2017-08-10T11:40:12,A,234,0.83
2017-08-10T11:56:55,H,413,1.0
2017-08-10T11:31:19,A,311,0.81
2017-08-10T12:16:07,H,156,1.0
2017-08-10T11:55:03,A,460,0.77
2017-08-10T12:13:10,A,407,0.79
2017-08-10T12:06:23,A,288,0.82
2017-08-10T12:32:21,A,78,0.87
2017-08-10T12:33:34,A,462,0.77
2017-08-10T12:37:15,H,121,1.0
2017-08-10T12:51:12,H,61,1.0
2017-08-10T12:41:17,A,230,0.83
2017-08-10T12:23:13,A,389,0.79
2017-08-10T13:09:17,H,58,1.0
2017-08-10T12:43:14,H,867,0.99
2017-08-10T13:26:38,H,236,1.0
2017-08-10T13:27:32,A,268,0.83
2017-08-10T13:39:34,A,364,0.8
2017-08-10T13:43:55,A,250,0.83
2017-08-10T13:43:47,A,103,0.86
2017-08-10T13:39:29,A,433,0.78
2017-08-10T13:11:28,H,273,1.0
2017-08-10T13:42:15,A,325,0.81
2017-08-10T14:08:56,H,73,1.0
2017-08-10T13:57:14,H,311,1.0
2017-08-10T13:51:09,A,295,0.82
2017-08-10T14:14:54,A,251,0.83
2017-08-10T14:29:04,A,230,0.83
2017-08-10T14:16:46,A,820,0.65
2017-08-10T14:43:17,H,250,1.0
2017-08-10T14:42:46,H,782,0.99
2017-08-10T14:07:48,A,1511,0.37
2017-08-10T14:37:37,H,372,1.0
2017-08-10T14:42:25,H,278,1.0
2017-08-10T14:38:44,H,389,1.0
2017-08-10T14:57:18,H,241,1.0
2017-08-10T14:49:21,H,418,1.0
2017-08-10T14:43:38,A,123,0.86
2017-08-10T15:00:42,H,293,1.0
2017-08-10T14:57:15,H,341,1.0
2017-08-10T15:05:33,A,1248,0.48
2017-08-10T15:32:02,H,61,1.0
2017-08-10T15:24:18,H,194,1.0
2017-08-10T15:38:40,H,61,1.0
2017-08-10T15:43:17,A,61,0.87
2017-08-10T15:12:58,A,503,0.76
2017-08-10T16:00,A,320,0.81
2017-08-10T15:50:25,H,336,1.0
2017-08-10T16:21:17,H,61,1.0
2017-08-10T16:39:49,H,205,1.0
2017-08-10T16:43:22,H,364,1.0
2017-08-10T16:19:40,H,369,1.0
2017-08-10T16:56:56,H,61,1.0
2017-08-10T16:24:16,H,1168,0.98
2017-08-10T15:02:59,H,1317,0.98
2017-08-10T17:34:19,H,252,1.0
2017-08-10T17:32:08,A,287,0.82
2017-08-10T17:28:54,H,669,0.99
2017-08-10T17:23:57,A,353,0.8
2017-08-10T17:34:53,H,338,1.0
2017-08-10T17:49:37,H,452,0.99
2017-08-10T18:00:47,H,61,1.0
2017-08-10T17:57:34,H,297,1.0
2017-08-10T17:37:06,H,251,1.0
2017-08-10T17:57:18,A,215,0.84
2017-08-10T17:49:34,A,182,0.85
2017-08-10T18:07:09,A,194,0.84
2017-08-10T18:09:27,A,126,0.86
2017-08-10T18:17:47,H,234,1.0
2017-08-10T18:09:55,A,182,0.85
2017-08-10T18:20:27,A,856,0.64
2017-08-10T18:46:25,H,358,1.0
2017-08-10T18:20:16,A,145,0.85
2017-08-10T17:57:34,H,1712,0.96
2017-08-10T18:50:11,H,176,1.0
2017-08-10T17:28:54,H,1613,0.96
2017-08-10T18:40:33,H,150,1.0
2017-08-10T19:12:32,A,211,0.84
2017-08-10T18:20:58,H,400,1.0
2017-08-10T19:23:53,H,206,1.0
2017-08-10T19:18:15,H,825,0.99
2017-08-10T18:53:53,A,435,0.78
2017-08-10T19:29:40,A,501,0.76
2017-08-10T19:11:47,A,1398,0.42
2017-08-10T19:39:49,H,188,1.0
2017-08-10T20:06:10,H,144,1.0
2017-08-10T20:00:38,A,473,0.77
2017-08-10T19:45:52,H,334,1.0
2017-08-10T20:09:33,H,265,1.0
2017-08-10T20:29:43,A,101,0.86
2017-08-10T21:00:21,H,194,1.0
2017-08-10T21:10:47,H,274,1.0
2017-08-10T20:17:53,A,1423,0.41
2017-08-10T21:12:25,H,294,1.0
2017-08-10T21:43:25,H,61,1.0
2017-08-10T21:32:39,A,103,0.86
2017-08-10T21:16:46,A,348,0.81
2017-08-10T21:37:14,A,381,0.8
2017-08-10T21:32:24,A,217,0.84
2017-08-10T21:48:11,A,410,0.79
2017-08-10T21:21:13,H,1638,0.96
2017-08-10T22:21:30,A,261,0.83
2017-08-10T22:39:24,A,61,0.87
2017-08-10T22:16:31,A,123,0.86
2017-08-10T22:25:58,H,1358,0.98
2017-08-10T23:07:58,A,161,0.85
2017-08-10T22:23:41,H,801,0.99
2017-08-10T22:56:51,A,287,0.82
2017-08-10T23:14:49,H,194,1.0
2017-08-10T23:12:36,A,574,0.74
2017-08-10T22:56:50,A,90,0.86
2017-08-10T21:21:13,H,1955,0.94
2017-08-10T23:46:50,H,61,1.0
2017-08-10T23:18:09,A,280,0.82
2017-08-10T23:37:42,H,156,1.0
2017-08-10T23:42:56,H,178,1.0
2017-08-10T23:47:59,A,61,0.87
2017-08-10T23:25:57,A,257,0.83
2017-08-10T23:50:19,H,549,0.99
2017-08-10T23:56:36,A,204,0.84
2017-08-10T23:36:13,A,112,0.86
2017-08-11T00:04:51,A,268,0.83
2017-08-11T00:09:07,A,305,0.82
2017-08-11T00:34:03,H,61,1.0
2017-08-11T00:11:36,H,1526,0.97
2017-08-11T00:33:53,H,278,1.0
2017-08-11T00:10:24,A,684,0.7
2017-08-11T00:51:35,A,546,0.75
2017-08-11T00:46:20,H,1305,0.98
2017-08-11T01:05:33,A,1261,0.47
2017-08-11T01:11:02,H,395,1.0
2017-08-11T01:56:18,H,103,1.0
2017-08-11T01:49:20,A,112,0.86
2017-08-11T02:04:31,A,198,0.84
2017-08-11T02:34,H,268,1.0
2017-08-11T03:04:22,H,103,1.0
2017-08-11T03:35:30,A,266,0.83
2017-08-11T04:02:15,H,61,1.0
2017-08-11T03:30:24,A,123,0.86
2017-08-11T04:54:10,A,182,0.85
2017-08-11T05:31:42,H,61,1.0
2017-08-11T05:10:40,H,547,0.99
2017-08-11T05:23:15,H,204,1.0
2017-08-11T06:13:13,H,148,1.0
2017-08-11T06:48:28,H,181,1.0
2017-08-11T06:37:29,A,300,0.82
2017-08-11T07:13:58,A,424,0.78
2017-08-11T07:03:37,A,293,0.82
2017-08-11T06:59:18,A,1394,0.42
2017-08-11T07:20:50,H,337,1.0
2017-08-11T07:26:51,A,157,0.85
2017-08-11T07:27:05,A,432,0.78
2017-08-11T08:20:19,H,61,1.0
2017-08-11T08:09:46,H,381,1.0
2017-08-11T08:02:32,A,349,0.81
2017-08-11T08:33:36,A,501,0.76
2017-08-11T08:32:25,A,147,0.85
2017-08-11T08:49:53,A,137,0.85
2017-08-11T08:59:56,A,430,0.78
2017-08-11T09:10:41,A,203,0.84
2017-08-11T09:10:09,A,153,0.85
2017-08-11T09:29:56,A,252,0.83
2017-08-11T09:14:15,A,374,0.8
2017-08-11T09:20:08,A,293,0.82
2017-08-11T09:30:32,H,58,1.0
2017-08-11T09:27:05,A,412,0.79
2017-08-11T09:51:58,A,328,0.81
2017-08-11T09:40:04,A,527,0.75
2017-08-11T09:49:23,H,479,0.99
2017-08-11T09:21:34,A,46,0.87
2017-08-11T09:55:37,A,178,0.85
2017-08-11T10:00:10,A,316,0.81
2017-08-11T10:00:26,A,605,0.73
2017-08-11T09:40:38,H,493,0.99
2017-08-11T10:04:28,H,278,1.0
2017-08-11T09:58:38,A,58,0.87
2017-08-11T10:09:24,A,215,0.84
2017-08-11T10:36:13,H,61,1.0
2017-08-11T10:34:38,A,156,0.85
2017-08-11T10:26:41,H,373,1.0
2017-08-11T10:50:21,H,150,1.0
2017-08-11T11:00:17,A,103,0.86
2017-08-11T11:07:28,A,248,0.83
2017-08-11T10:59,A,0,0.88
2017-08-11T11:07,A,481,0.77
2017-08-11T11:23:01,H,61,1.0
2017-08-11T10:38:01,H,946,0.99
2017-08-11T11:02:01,A,376,0.8
2017-08-11T11:15:26,A,148,0.85
2017-08-11T11:29:35,H,256,1.0
2017-08-11T11:27:56,A,194,0.84
2017-08-11T11:42:40,H,121,1.0
2017-08-11T11:32:53,H,395,1.0
2017-08-11T11:26:27,H,297,1.0
2017-08-11T11:21:09,H,164,1.0
2017-08-11T11:56:12,H,319,1.0
2017-08-11T12:05:56,A,156,0.85
2017-08-11T11:57:41,A,260,0.83
2017-08-11T11:41:31,A,1244,0.48
2017-08-11T12:00:37,A,511,0.76
2017-08-11T12:00:23,A,395,0.79
2017-08-11T12:13:36,A,278,0.82
2017-08-11T11:44:13,H,1390,0.98
2017-08-11T12:10:04,A,648,0.72
2017-08-11T12:13:10,A,410,0.79
2017-08-11T12:39:50,H,347,1.0
2017-08-11T11:32:53,H,1110,0.98
2017-08-11T13:03:37,A,190,0.84
2017-08-11T12:54:36,H,156,1.0
2017-08-11T12:37:07,H,874,0.99
2017-08-11T12:20:39,A,1464,0.39
2017-08-11T13:17,H,157,1.0
2017-08-11T12:50:08,A,970,0.59
2017-08-11T10:38:01,H,1588,0.97
2017-08-11T13:00:56,H,178,1.0
2017-08-11T13:12:23,A,403,0.79
2017-08-11T13:30:11,H,61,1.0
2017-08-11T13:32:52,A,430,0.78
2017-08-11T13:38:18,A,446,0.78
2017-08-11T13:29:29,A,106,0.86
2017-08-11T13:43:26,A,320,0.81
2017-08-11T13:44:18,A,473,0.77
2017-08-11T14:06:59,H,84,1.0
2017-08-11T13:48:30,H,156,1.0
2017-08-11T13:08:26,H,1558,0.97
2017-08-11T14:05:01,A,438,0.78
2017-08-11T14:20:12,H,325,1.0
2017-08-11T14:05:03,H,640,0.99
2017-08-11T14:50:30,H,236,1.0
2017-08-11T15:08:52,H,117,1.0
2017-08-11T14:57:11,H,1016,0.99
2017-08-11T15:12:12,H,156,1.0
2017-08-11T15:13:17,A,182,0.85
2017-08-11T15:18:05,H,112,1.0
2017-08-11T15:25:52,A,58,0.87
2017-08-11T14:48:42,A,1994,0.21
2017-08-11T14:45:12,A,2598,0.09
2017-08-11T15:45:21,A,118,0.86
2017-08-11T15:33:49,A,881,0.63
2017-08-11T15:59:03,A,329,0.81
2017-08-11T16:14:23,A,276,0.82
2017-08-11T16:44:02,H,84,1.0
2017-08-11T16:50:26,H,61,1.0
2017-08-11T16:40:50,A,857,0.64
2017-08-11T16:54:47,H,84,1.0
2017-08-11T16:32:09,H,106,1.0
2017-08-11T17:03:11,H,61,1.0
2017-08-11T16:52:41,A,643,0.72
2017-08-11T16:34:51,A,740,0.68
2017-08-11T16:35:01,H,123,1.0
2017-08-11T17:18:28,H,61,1.0
2017-08-11T16:50:12,A,1874,0.25
2017-08-11T16:55:19,A,1368,0.43
2017-08-11T17:38:39,H,112,1.0
2017-08-11T17:45:55,H,182,1.0
2017-08-11T17:43:32,A,312,0.81
2017-08-11T17:30:07,H,1024,0.99
2017-08-11T16:24:28,H,1077,0.99
2017-08-11T17:41:04,H,112,1.0
2017-08-11T17:59:40,A,627,0.72
2017-08-11T17:54:38,A,128,0.86
2017-08-11T18:28:12,A,84,0.87
2017-08-11T18:21:43,A,84,0.87
2017-08-11T18:15:11,A,103,0.86
2017-08-11T18:23:45,H,392,1.0
2017-08-11T18:29:47,H,824,0.99
2017-08-11T18:45:45,H,103,1.0
2017-08-11T18:20:15,H,248,1.0
2017-08-11T18:24:08,H,178,1.0
2017-08-11T18:53:09,A,291,0.82
2017-08-11T18:52:17,A,1095,0.54
2017-08-11T19:04:34,H,61,1.0
2017-08-11T19:36,H,104,1.0
2017-08-11T19:14:12,H,61,1.0
2017-08-11T16:24:28,H,1152,0.98
2017-08-11T19:22:30,A,234,0.83
2017-08-11T18:50:06,H,2023,0.93
2017-08-11T19:40:55,A,325,0.81
2017-08-11T19:42:05,H,61,1.0
2017-08-11T19:31:32,H,909,0.99
2017-08-11T19:26:47,A,334,0.81
2017-08-11T19:24:32,A,58,0.87
2017-08-11T19:40:11,H,292,1.0
2017-08-11T19:39:05,A,256,0.83
2017-08-11T19:47:02,A,182,0.85
2017-08-11T20:07:33,A,294,0.82
2017-08-11T19:54:52,A,190,0.84
2017-08-11T20:13:54,H,307,1.0
2017-08-11T19:28:02,H,682,0.99
2017-08-11T20:35:47,A,297,0.82
2017-08-11T20:56:17,H,976,0.99
2017-08-11T20:24:02,A,90,0.86
2017-08-11T21:12:17,H,61,1.0
2017-08-11T21:17:43,H,256,1.0
2017-08-11T21:42:14,H,277,1.0
2017-08-11T20:48:09,A,436,0.78
2017-08-11T21:34:54,H,313,1.0
2017-08-11T21:19:14,A,450,0.78
2017-08-11T21:10:50,A,256,0.83
2017-08-11T21:40:46,A,356,0.8
2017-08-11T21:41:32,A,421,0.79
2017-08-11T21:31:48,H,410,1.0
2017-08-11T21:52:10,A,538,0.75
2017-08-11T21:57:07,H,857,0.99
2017-08-11T21:45:47,H,976,0.99
2017-08-11T21:41:52,A,859,0.64
2017-08-11T21:56:39,A,590,0.73
2017-08-11T20:56:17,H,1382,0.98
2017-08-11T22:20:47,H,314,1.0
2017-08-11T22:00:21,H,1940,0.94
2017-08-11T22:30:23,A,737,0.68
2017-08-11T22:21:47,H,702,0.99
2017-08-11T22:44:30,H,61,1.0
2017-08-11T22:27:58,A,116,0.86
2017-08-11T22:08:06,A,573,0.74
2017-08-11T22:41:52,A,269,0.83
2017-08-11T22:09:31,A,1380,0.43
2017-08-11T22:34:41,A,477,0.77
2017-08-11T22:21:08,A,1498,0.38
2017-08-11T21:43:32,H,3310,0.62
2017-08-11T21:31:48,H,1275,0.98
2017-08-11T22:50:24,H,414,1.0
2017-08-11T22:57:21,A,336,0.81
2017-08-11T23:11:19,A,258,0.83
2017-08-11T23:34:16,A,112,0.86
2017-08-11T23:09:20,H,2651,0.83
2017-08-12T00:04:52,A,103,0.86
2017-08-12T00:00:16,H,1406,0.97
2017-08-12T00:04:48,H,575,0.99
2017-08-12T00:44:42,H,0,1.0
2017-08-12T00:35:42,H,236,1.0
2017-08-12T00:52:41,H,315,1.0
2017-08-12T00:42:19,H,148,1.0
2017-08-12T00:33:10,H,432,0.99
2017-08-12T00:49:20,H,156,1.0
2017-08-12T01:07:37,A,194,0.84
2017-08-12T00:28:51,A,1080,0.55
2017-08-12T00:27:02,H,311,1.0
2017-08-12T01:36:26,H,61,1.0
2017-08-12T01:14:20,H,369,1.0
2017-08-12T01:16:40,H,1426,0.97
2017-08-12T01:35:54,H,1244,0.98
2017-08-12T02:21:11,H,61,1.0
2017-08-12T01:40:54,H,1543,0.97
2017-08-12T02:31:04,A,61,0.87
2017-08-12T02:06:04,H,321,1.0
2017-08-12T02:11:38,H,240,1.0
2017-08-12T02:48:06,H,277,1.0
2017-08-12T02:42:09,H,123,1.0
2017-08-12T02:13:24,H,1849,0.95
2017-08-12T02:45:42,A,248,0.83
2017-08-12T03:00:10,A,397,0.79
2017-08-12T03:06:13,H,61,1.0
2017-08-12T03:12:29,A,411,0.79
2017-08-12T03:16:49,A,429,0.78
2017-08-12T03:16:53,H,126,1.0
2017-08-12T03:03:13,A,827,0.65
2017-08-12T02:48:40,A,459,0.77
2017-08-12T03:46:47,A,144,0.85
2017-08-12T04:07:17,H,61,1.0
2017-08-12T03:29:28,A,80,0.87
2017-08-12T04:35:59,H,489,0.99
2017-08-12T05:09:27,H,61,1.0
2017-08-12T05:22:42,H,61,1.0
2017-08-12T05:01:15,A,552,0.75
2017-08-12T05:46:28,H,61,1.0
2017-08-12T06:08:37,A,228,0.83
2017-08-12T06:32:25,H,242,1.0
2017-08-12T06:45:55,A,61,0.87
2017-08-12T06:26:43,H,1468,0.97
2017-08-12T06:36:51,H,1395,0.98
2017-08-12T06:39:53,A,527,0.75
2017-08-12T07:24:35,H,182,1.0
2017-08-12T07:41:08,H,341,1.0
2017-08-12T08:00:49,H,182,1.0
2017-08-12T06:36:51,H,1507,0.97
2017-08-12T07:35:49,H,1062,0.99
2017-08-12T07:47:25,A,1856,0.25
2017-08-12T08:54:54,H,61,1.0
2017-08-12T09:04:34,H,61,1.0
2017-08-12T09:06:02,H,180,1.0
2017-08-12T09:16:19,H,128,1.0
2017-08-12T09:13:02,A,103,0.86
2017-08-12T09:26:29,H,80,1.0
2017-08-12T09:49:41,A,119,0.86
2017-08-12T09:47:17,H,61,1.0
2017-08-12T09:24:26,H,215,1.0
2017-08-12T09:57:58,H,61,1.0
2017-08-12T09:29:29,H,1290,0.98
2017-08-12T09:47:51,A,278,0.82
2017-08-12T09:59:21,H,251,1.0
2017-08-12T10:17:31,A,300,0.82
2017-08-12T10:29:41,H,123,1.0
2017-08-12T10:25:47,H,250,1.0
2017-08-12T10:34:48,A,340,0.81
2017-08-12T11:11:48,H,61,1.0
2017-08-12T10:51:58,A,230,0.83
2017-08-12T10:53:22,A,554,0.75
2017-08-12T11:08:31,A,103,0.86
2017-08-12T11:18:10,H,522,0.99
2017-08-12T11:59:33,A,236,0.83
2017-08-12T11:50:20,H,252,1.0
2017-08-12T12:15:43,H,61,1.0
2017-08-12T12:02:20,A,412,0.79
2017-08-12T11:50:23,A,242,0.83
2017-08-12T12:20:03,H,225,1.0
2017-08-12T12:08:03,H,482,0.99
2017-08-12T11:54:55,H,341,1.0
2017-08-12T12:17:22,A,156,0.85
2017-08-12T12:35:24,H,61,1.0
2017-08-12T12:29:39,A,256,0.83
2017-08-12T12:42:47,A,148,0.85
2017-08-12T12:55:13,H,207,1.0
2017-08-12T12:45:43,H,167,1.0
2017-08-12T12:42:08,A,185,0.84
2017-08-12T12:53:10,A,250,0.83
2017-08-12T13:03:32,H,381,1.0
2017-08-12T13:05:03,H,248,1.0
2017-08-12T13:33:10,H,156,1.0
2017-08-12T13:28:31,A,375,0.8
2017-08-12T13:26:35,A,180,0.85
2017-08-12T13:42:36,A,211,0.84
2017-08-12T13:34:15,H,287,1.0
2017-08-12T13:43:48,H,381,1.0
2017-08-12T13:45:28,A,523,0.76
2017-08-12T13:36:32,H,228,1.0
2017-08-12T13:52:39,A,118,0.86
2017-08-12T14:00:21,H,645,0.99
2017-08-12T13:55:08,H,410,1.0
2017-08-12T14:17:01,H,61,1.0
2017-08-12T13:46:12,H,601,0.99
2017-08-12T14:47:15,A,239,0.83
2017-08-12T14:38:15,H,588,0.99
2017-08-12T14:21:58,H,181,1.0
2017-08-12T15:20:39,H,358,1.0
2017-08-12T15:22:37,A,341,0.81
2017-08-12T15:20:10,A,61,0.87
2017-08-12T15:24:13,A,250,0.83
2017-08-12T15:49:42,H,430,0.99
2017-08-12T16:05,H,286,1.0
2017-08-12T15:53:53,A,1354,0.44
2017-08-12T16:33:21,A,369,0.8
2017-08-12T16:20:38,H,489,0.99
2017-08-12T16:43:59,A,153,0.85
2017-08-12T16:46:43,A,527,0.75
2017-08-12T17:12:52,H,60,1.0
2017-08-12T17:19:42,H,128,1.0
2017-08-12T17:25:35,H,228,1.0
2017-08-12T17:42:38,H,294,1.0
2017-08-12T17:52:20,A,194,0.84
2017-08-12T17:54:39,H,293,1.0
2017-08-12T17:51:35,A,181,0.85
2017-08-12T17:26:08,A,393,0.79
2017-08-12T18:07:44,H,84,1.0
2017-08-12T18:05:27,H,128,1.0
2017-08-12T18:26:43,H,194,1.0
2017-08-12T18:15:04,H,317,1.0
2017-08-12T18:08:19,A,118,0.86
2017-08-12T18:05:19,A,364,0.8
2017-08-12T18:24:22,A,248,0.83
2017-08-12T17:56:59,H,225,1.0
2017-08-12T18:32:04,H,250,1.0
2017-08-12T18:40:30,A,199,0.84
2017-08-12T18:58:24,A,153,0.85
2017-08-12T18:24:53,H,410,1.0
2017-08-12T18:51:30,A,315,0.81
2017-08-12T19:33:17,A,481,0.77
2017-08-12T19:43:06,H,386,1.0
2017-08-12T19:04:20,H,103,1.0
2017-08-12T20:15:36,H,61,1.0
2017-08-12T20:04:59,H,500,0.99
2017-08-12T19:24:39,H,421,1.0
2017-08-12T20:18,A,158,0.85
2017-08-12T20:22:56,A,470,0.77
2017-08-12T20:42:34,H,61,1.0
2017-08-12T20:29:47,H,84,1.0
2017-08-12T20:46:44,H,182,1.0
2017-08-12T20:52:44,H,391,1.0
2017-08-12T20:48:08,A,211,0.84
2017-08-12T20:42:47,H,123,1.0
2017-08-12T20:31:50,A,520,0.76
2017-08-12T20:40:38,A,514,0.76
2017-08-12T20:54:07,A,1179,0.51
2017-08-12T21:16:06,H,46,1.0
2017-08-12T21:25:54,H,315,1.0
2017-08-12T21:29:38,A,61,0.87
2017-08-12T21:41:04,H,46,1.0
2017-08-12T21:39:28,H,277,1.0
2017-08-12T20:55:11,A,2168,0.17
2017-08-12T22:01:58,H,329,1.0
2017-08-12T21:59:31,A,452,0.78
2017-08-12T22:09:39,H,61,1.0
2017-08-12T21:53:38,A,605,0.73
2017-08-12T22:12:07,H,294,1.0
2017-08-12T22:23:29,A,254,0.83
2017-08-12T22:03:35,H,61,1.0
2017-08-12T21:45:21,A,1565,0.35
2017-08-12T20:41:04,H,1980,0.94
2017-08-12T22:42:28,H,241,1.0
2017-08-12T23:13:25,H,288,1.0
2017-08-12T23:02:38,H,976,0.99
2017-08-12T23:02:10,H,778,0.99
2017-08-12T23:07:12,A,553,0.75
2017-08-12T23:02:58,A,491,0.77
2017-08-12T22:55:55,A,707,0.69
2017-08-12T23:19:16,H,211,1.0
2017-08-12T23:49:50,H,61,1.0
2017-08-12T23:47:52,H,1088,0.99
2017-08-12T23:42:38,H,315,1.0
2017-08-12T23:54:51,H,242,1.0
2017-08-13T00:09:29,H,121,1.0
2017-08-13T00:18:46,H,101,1.0
2017-08-13T00:01:22,A,321,0.81
2017-08-13T00:15:09,H,326,1.0
2017-08-13T00:29:53,A,84,0.87
2017-08-13T00:14:48,A,713,0.69
2017-08-13T00:47:50,H,61,1.0
2017-08-13T00:43:50,H,103,1.0
2017-08-13T00:02:44,A,906,0.62
2017-08-13T00:42:02,A,61,0.87
2017-08-13T00:55:55,A,182,0.85
2017-08-13T01:15:18,A,225,0.84
2017-08-13T00:15:09,H,441,0.99
2017-08-13T00:59,A,487,0.77
2017-08-13T00:36:31,H,790,0.99
2017-08-13T00:59:47,A,1911,0.23
2017-08-13T00:58:12,A,156,0.85
2017-08-13T01:13:52,A,61,0.87
2017-08-13T01:38:38,A,112,0.86
2017-08-13T01:41:06,A,422,0.79
2017-08-13T01:45:20,H,277,1.0
2017-08-13T01:36,H,619,0.99
2017-08-13T00:58:13,A,1272,0.47
2017-08-13T02:28:36,H,242,1.0
2017-08-13T02:31:40,H,266,1.0
2017-08-13T02:18:33,H,1291,0.98
2017-08-13T02:35:39,H,277,1.0
2017-08-13T02:33:36,H,280,1.0
2017-08-13T02:29:43,A,167,0.85
2017-08-13T02:54:22,H,314,1.0
2017-08-13T02:48:20,H,75,1.0
2017-08-13T02:52:48,H,277,1.0
2017-08-13T03:11:29,H,61,1.0
2017-08-13T03:20:02,H,225,1.0
2017-08-13T03:19:06,H,61,1.0
2017-08-13T03:14:19,H,346,1.0
2017-08-13T02:49:57,H,2170,0.92
2017-08-13T04:20:34,H,61,1.0
2017-08-13T04:23:51,H,61,1.0
2017-08-13T04:35:36,H,248,1.0
2017-08-13T04:34:44,H,190,1.0
2017-08-13T05:14:30,H,61,1.0
2017-08-13T04:45:12,A,84,0.87
2017-08-13T04:36:44,H,328,1.0
2017-08-13T06:38:45,H,561,0.99
2017-08-13T06:49:39,A,126,0.86
2017-08-13T07:15:59,A,160,0.85
2017-08-13T07:54:12,H,251,1.0
2017-08-13T07:55:19,H,61,1.0
2017-08-13T08:12:05,H,241,1.0
2017-08-13T08:34:34,H,320,1.0
2017-08-13T09:35:39,H,367,1.0
2017-08-13T09:50:24,H,163,1.0
2017-08-13T09:57:32,A,176,0.85
2017-08-13T10:12:47,A,58,0.87
2017-08-13T10:01:22,A,225,0.84
2017-08-13T10:07:26,H,560,0.99
2017-08-13T10:17:10,A,560,0.74
2017-08-13T10:39:59,H,589,0.99
2017-08-13T10:03:44,H,1290,0.98
2017-08-13T10:35:48,A,61,0.87
2017-08-13T10:54:28,H,61,1.0
2017-08-13T10:27:03,H,546,0.99
2017-08-13T11:02:13,H,240,1.0
2017-08-13T10:41:37,A,148,0.85
2017-08-13T10:55:22,A,607,0.73
2017-08-13T11:07:40,H,278,1.0
2017-08-13T11:17:44,A,103,0.86
2017-08-13T10:34:34,A,1127,0.53
2017-08-13T11:22:54,H,175,1.0
2017-08-13T11:08:12,A,873,0.63
2017-08-13T11:03:52,H,225,1.0
2017-08-13T10:07:26,H,1613,0.96
2017-08-13T11:11:08,A,799,0.66
2017-08-13T11:44:12,H,61,1.0
2017-08-13T11:33:24,H,878,0.99
2017-08-13T12:03:13,H,275,1.0
2017-08-13T11:36:17,H,867,0.99
2017-08-13T11:51:36,A,148,0.85
2017-08-13T11:07:09,A,1026,0.57
2017-08-13T12:03:56,H,103,1.0
2017-08-13T12:13:25,H,264,1.0
2017-08-13T11:57:25,H,773,0.99
2017-08-13T12:06:01,A,389,0.79
2017-08-13T12:52:49,A,126,0.86
2017-08-13T12:11:58,H,2129,0.92
2017-08-13T12:23:06,A,422,0.79
2017-08-13T10:07:26,H,2170,0.92
2017-08-13T12:48:07,A,181,0.85
2017-08-13T12:51:36,H,219,1.0
2017-08-13T13:19:17,A,561,0.74
2017-08-13T13:28:23,A,153,0.85
2017-08-13T12:49:42,H,1588,0.97
2017-08-13T13:36:34,H,410,1.0
2017-08-13T13:48:01,H,0,1.0
2017-08-13T10:07:26,H,1480,0.97
2017-08-13T13:57:05,A,254,0.83
2017-08-13T13:50:08,A,1123,0.53
2017-08-13T14:07:14,A,148,0.85
2017-08-13T14:16:06,H,178,1.0
2017-08-13T14:25:58,H,61,1.0
2017-08-13T14:21:41,A,268,0.83
2017-08-13T14:28:39,A,391,0.79
2017-08-13T14:40:49,H,61,1.0
2017-08-13T14:46:41,H,307,1.0
2017-08-13T14:46:41,H,307,1.0
2017-08-13T14:28:29,A,2016,0.2
2017-08-13T12:25:40,A,481,0.77
2017-08-13T14:40:15,H,673,0.99
2017-08-13T14:56:54,A,605,0.73
2017-08-13T14:26:37,A,568,0.74
2017-08-13T15:07:52,A,126,0.86
2017-08-13T15:24:07,A,276,0.82
2017-08-13T15:09:35,H,1006,0.99
2017-08-13T15:25:49,A,222,0.84
2017-08-13T15:29:01,A,172,0.85
2017-08-13T15:32:26,A,1100,0.54
2017-08-13T15:43:35,A,157,0.85
2017-08-13T16:02:03,H,84,1.0
2017-08-13T16:01:14,H,104,1.0
2017-08-13T16:07:02,H,61,1.0
2017-08-13T16:06:25,A,77,0.87
2017-08-13T16:35:36,H,603,0.99
2017-08-13T16:47:02,H,189,1.0
2017-08-13T16:27:33,H,327,1.0
2017-08-13T16:53:38,A,221,0.84
2017-08-13T16:38:38,H,364,1.0
2017-08-13T17:04:21,A,156,0.85
2017-08-13T17:18:21,A,240,0.83
2017-08-13T17:13:27,H,175,1.0
2017-08-13T17:23:52,H,312,1.0
2017-08-13T17:20:13,H,300,1.0
2017-08-13T17:23:28,A,794,0.66
2017-08-13T16:52:16,H,1638,0.96
2017-08-13T17:09:29,H,217,1.0
2017-08-13T16:56:31,A,1316,0.45
2017-08-13T17:39:44,A,61,0.87
2017-08-13T17:54:51,A,84,0.87
2017-08-13T18:02:06,H,84,1.0
2017-08-13T17:48:07,A,73,0.87
2017-08-13T18:07:48,H,61,1.0
2017-08-13T18:02:35,H,853,0.99
2017-08-13T17:54:04,H,1149,0.98
2017-08-13T18:12:58,H,148,1.0
2017-08-13T18:10:54,H,338,1.0
2017-08-13T18:34:29,A,312,0.81
2017-08-13T18:35:01,H,574,0.99
2017-08-13T18:37:57,A,269,0.83
2017-08-13T19:11:02,H,61,1.0
2017-08-13T19:09:32,A,728,0.69
2017-08-13T19:05:13,A,674,0.71
2017-08-13T18:58:20,H,1072,0.99
2017-08-13T17:54:04,H,2753,0.8
2017-08-13T19:35:24,A,260,0.83
2017-08-13T19:09:31,A,1088,0.55
2017-08-13T19:56:25,A,150,0.85
2017-08-13T19:25:37,A,278,0.82
2017-08-13T19:40:57,A,488,0.77
2017-08-13T19:41:58,A,276,0.82
2017-08-13T19:58:05,H,103,1.0
2017-08-13T19:59:07,H,421,1.0
2017-08-13T20:12:48,H,420,1.0
2017-08-13T19:51:40,A,325,0.81
2017-08-13T19:59:50,A,163,0.85
2017-08-13T20:08:02,H,574,0.99
2017-08-13T20:23:20,H,802,0.99
2017-08-13T20:28:33,H,967,0.99
2017-08-13T20:31:24,H,58,1.0
2017-08-13T20:05:49,A,278,0.82
2017-08-13T20:57:31,A,240,0.83
2017-08-13T20:49:25,H,391,1.0
2017-08-13T20:53:50,H,118,1.0
2017-08-13T21:01:17,A,349,0.81
2017-08-13T21:15:30,H,499,0.99
2017-08-13T21:04:40,H,304,1.0
2017-08-13T21:23:54,H,61,1.0
2017-08-13T21:29:56,H,568,0.99
2017-08-13T21:21:16,A,746,0.68
2017-08-13T21:39:16,A,145,0.85
2017-08-13T21:54,A,156,0.85
2017-08-13T21:39:50,A,182,0.85
2017-08-13T22:28:27,H,61,1.0
2017-08-13T22:22:31,A,437,0.78
2017-08-13T22:28:28,H,547,0.99
2017-08-13T22:34:45,A,445,0.78
2017-08-13T22:40:25,H,139,1.0
2017-08-13T22:55:46,H,300,1.0
2017-08-13T23:00:03,A,206,0.84
2017-08-13T23:15:47,H,258,1.0
2017-08-13T22:43:37,A,846,0.64
2017-08-13T22:37:51,A,400,0.79
2017-08-13T23:33:50,H,262,1.0
2017-08-13T23:29:33,A,242,0.83
2017-08-13T23:37:20,A,742,0.68
2017-08-13T23:45:44,A,843,0.64
2017-08-13T23:56,H,337,1.0